artistName,totalMinutesPlayed,totalPlays,uniqueTracksCount
Anuv Jain,2079.1026666666667,624,14
Cigarettes After Sex,1940.5114666666668,550,28
Stephen Sanchez,1112.6138,391,15
Ricky Montgomery,1014.2868000000001,291,5
Pritam,906.2980833333334,292,31
Satinder Sartaaj,866.0241833333333,172,4
Joe Hisaishi,790.9981333333334,239,12
yung kai,777.7461,248,7
Benson Boone,698.6766333333334,261,10
Atif Aslam,648.34645,132,10
Flower Face,600.9373166666667,158,1
Kishore Kumar,595.1149333333333,206,11
Wasia Project,594.7310666666666,228,8
SYML,567.2685666666666,192,5
Queen,563.6666333333334,111,5
Coldplay,560.8399166666667,156,8
Lord Huron,533.1405666666667,207,2
Eminem,523.31205,186,14
Alan Walker,498.34321666666665,222,61
Winter Aid,487.6687166666667,130,1
JVKE,481.53158333333334,230,15
Jeff Satur,460.0905666666667,139,7
Kendrick Lamar,454.9972666666667,132,7
mehro,454.6442,186,13
Billie Eilish,454.46415,167,20
d4vd,450.2608333333334,150,4
Taylor Swift,434.62335,141,24
Conan Gray,422.55916666666667,152,12
Prateek Kuhad,417.31045,158,6
RADWIMPS,388.18325,122,18
James Arthur,383.6454166666667,123,5
Adele,373.2186,142,11
Rex Orange County,370.7510666666667,154,4
A.R. Rahman,366.9771,50,6
Gigi Perez,364.46345,104,2
Sawano Hiroyuki,338.48786666666666,131,11
Erutan,335.2294333333333,113,6
alex_g_offline,309.77908333333335,72,4
Seema Mishra,297.4705333333333,54,7
Kodaline,289.26728333333335,98,3
The Weeknd,282.6829833333333,121,12
Vishal-Shekhar,277.1954166666667,68,11
Lana Del Rey,266.21521666666666,101,8
Radiohead,256.35833333333335,86,4
Genevieve Stokes,254.70383333333334,114,5
Diego Mitre,253.53793333333334,68,5
Ed Sheeran,250.04196666666667,79,15
Ludovico Einaudi,238.3169,78,1
Hunter Metts,234.89651666666666,84,5
Alex Sampson,234.34693333333334,86,3
Yuuri,233.25873333333334,72,8
New West,232.58666666666667,77,1
Don McLean,230.79068333333333,48,1
keshi,225.63948333333335,107,13
Ichiko Aoba,212.99733333333333,52,1
Bryant Barnes,212.6129,90,2
Green Day,209.73255,63,5
The Beatles,202.29341666666667,81,6
Elliot James Reay,201.65518333333333,63,1
Arham Fulfagar,200.24788333333333,110,2
Uru,197.30613333333332,58,1
Vance Joy,196.16206666666665,66,1
Explosions In The Sky,194.6715,43,1
Abe Parker,191.90903333333333,85,9
Lady Gaga,188.51635,48,2
Aditya Rikhari,182.23308333333335,105,4
Abhijeet,182.07136666666668,41,3
The Fray,181.40881666666667,54,3
Suzonn,179.12356666666668,88,3
One Direction,177.874,89,13
YOASOBI,176.0062,78,10
Deepak Rathore Project,173.9238,54,3
Lewis Capaldi,173.55645,55,14
gini,170.1095,90,4
Justin Bieber,168.97338333333335,56,15
Suki Waterhouse,165.55481666666668,71,1
Amit Trivedi,165.52068333333332,60,7
Max Allais,164.31545,83,2
Red Leather,163.17648333333332,57,7
Mithoon,162.39788333333334,30,3
Keenan Te,157.86758333333333,54,7
PUBLIC,155.32251666666667,52,2
Josh Brar,153.39995000000002,47,1
Ritt Momney,153.2834,48,1
beabadoobee,152.90148333333332,82,5
Sudhir Vyas,152.63553333333334,43,4
Tom Odell,152.12405,46,2
Charlie Puth,150.89438333333334,78,19
Samyak Prasana,150.43945,43,1
Passenger,149.79093333333333,45,2
Gracie Abrams,148.76888333333332,76,7
Dramatic Violin,147.69555,94,20
majiko,147.11158333333333,37,1
The Paper Kites,146.45711666666665,65,2
100 gecs,146.19921666666667,78,4
Dream Note,142.94203333333334,67,2
Imagine Dragons,142.21378333333334,43,11
Anthony Lazaro,141.41125,69,3
Masoom Sharma,136.10813333333334,60,3
Hanumankind,134.09196666666668,38,1
Sinta Bhai,131.52221666666668,39,1
The Midnight,131.49869999999999,21,1
Olivia Rodrigo,131.18325000000002,48,15
Joji,128.28203333333335,39,3
Elvis Presley,128.16361666666666,64,14
Mitski,127.05878333333332,77,1
Labit,125.64926666666666,54,1
Seafret,124.2837,47,1
MYTH & ROID,124.07685,43,4
Arijit Singh,123.66671666666667,43,10
Jatin-Lalit,122.43794999999999,31,2
Raj Mawer,122.08816666666667,37,3
Phoebe Bridgers,117.2813,41,3
Justin Timberlake,116.19458333333334,33,3
Matthew Ifield,116.12625,42,2
Lee Mujin,114.3112,43,4
Hayd,113.29906666666666,42,1
Marino,113.25881666666666,83,5
Akano,112.34136666666667,59,5
Hozier,112.18548333333334,41,5
Diler Kharkiya,111.89605,40,1
Laufey,111.80946666666667,47,2
Bharat Chauhan,109.856,28,1
The Local Train,109.25466666666667,32,3
Mustafa Zahid,108.58796666666667,24,3
Bruno Mars,108.33,40,6
FINNEAS,102.50245,41,3
Ali Sethi,101.92143333333333,32,2
Novo Amor,101.76211666666667,37,2
Hariharan,100.69305,15,1
ヨルシカ,100.03886666666666,29,3
Kristen Bell,99.36495,39,4
Stephen Dawes,98.76888333333333,33,1
Alexander 23,98.74291666666667,47,3
Udit Narayan,98.70948333333334,25,3
Michele Nobler,98.23123333333334,53,1
Talat Mahmood,97.13315,29,1
The Macarons Project,96.85675,70,3
Unknown Artist,96.53053333333334,39,1
The Neighbourhood,96.39268333333334,33,3
Jagjit Singh,95.3009,31,1
Ajay Gogavale,93.55481666666667,32,2
BØRNS,92.33728333333333,34,2
Sam Smith,91.95928333333333,31,7
Pixies,91.43436666666666,32,1
Strawberry Guy,91.36206666666666,43,1
Extreme,90.87928333333333,21,1
Eric Clapton,90.74271666666667,32,3
Vilen,90.44488333333332,30,4
Filmy,89.50091666666667,39,2
The Kid LAROI,87.42316666666666,41,6
Sia,87.13878333333334,38,12
Asha Bhosle,86.16293333333334,23,1
Steve Lacy,85.4436,25,1
Jereena Montemayor,85.2222,48,1
sumika,84.93958333333333,29,2
Sumit Parta,84.17976666666667,28,1
Noah Kahan,84.00941666666667,39,6
Maroon 5,83.03758333333333,28,12
The Walters,82.28661666666667,31,2
Beyond The Guitar,81.70141666666666,56,1
Edward Sharpe & The Magnetic Zeros,80.95738333333334,29,3
Mohammed Rafi,80.03126666666667,24,2
Bunny Johal,79.45901666666667,31,1
YUNG DSA,78.7984,21,1
Lauv,78.35671666666667,32,2
Idina Menzel,77.63165,25,3
Måneskin,76.8781,32,9
Tsunami J.,75.86421666666666,50,2
Yiruma,75.35735,35,1
Mikito P,75.18323333333333,19,3
Joy Again,74.8215,28,1
Why Don't We,74.81695,31,4
Doja Cat,74.66903333333333,34,5
Daniel Jang,74.58223333333333,51,7
The Backseat Lovers,74.42503333333333,28,1
Ruth B.,74.24549999999999,20,2
Avril Lavigne,73.77268333333333,21,3
RM,73.6823,21,1
NEFFEX,73.55956666666667,31,1
Awesome City Club,73.1788,22,2
Ludwig van Beethoven,72.75511666666667,43,10
Caleb Hearn,71.7108,26,2
Kansas,70.7574,22,2
Post Malone,70.59094999999999,37,7
Paradox,70.07741666666666,46,4
Kenshi Yonezu,68.98461666666667,31,2
Martin Garrix,68.84041666666667,22,7
Ashu Shukla,68.70385,27,1
Prabhakar Raj,67.76746666666668,31,1
Bruno Major,67.36025000000001,40,2
Cat Trumpet,67.13103333333333,30,5
Ghostly Kisses,66.88728333333333,22,2
Sanam,66.53455,24,4
Stray Kids,66.21736666666666,34,5
Calum Scott,66.19239999999999,18,5
juno roome,65.78021666666666,24,1
Kaka WRLD,65.71211666666667,24,2
Forest Blakk,65.58665,40,4
Roddy Ricch,65.10735,35,1
Miley Cyrus,65.04805,24,5
Mika Nakashima,64.90318333333333,20,1
Christina Perri,64.62101666666666,18,3
S. P. Balasubrahmanyam,64.37089999999999,16,1
Kami Kehoe,64.16731666666666,42,1
Asim Azhar,63.2778,28,1
Shinsei Kamattechan,62.73101666666666,16,1
French Montana,62.7276,21,1
Ashe,62.4278,30,2
美波,61.939550000000004,16,2
B Praak,61.52223333333333,23,6
HA SUNG WOON,61.29528333333334,21,2
IU,59.25621666666667,20,1
thien,59.25318333333333,26,1
ROSÉ,58.74668333333333,27,1
Kira,58.16476666666667,24,1
Cafuné,57.55495,29,2
Ai Higuchi,57.50491666666667,20,2
Surf Curse,57.4367,27,2
BLACKPINK,56.92378333333333,25,8
TK from Ling tosite sigure,56.34526666666667,15,2
Jeremy Zucker,55.60966666666667,24,3
James Quinn,55.5113,34,1
Niall Horan,55.49528333333333,17,1
Kalyanji-Anandji,55.41043333333333,19,1
Train,55.32261666666667,23,1
Austin Farwell,55.11136666666667,36,4
Jasleen Royal,55.043816666666665,29,1
Howard Shore,54.98401666666666,35,2
The Smiths,54.983399999999996,22,3
Raj Mawar,54.701899999999995,26,1
Clinton Kane,54.21743333333333,19,4
Jax,53.5721,25,2
Amaal Mallik,53.56753333333334,20,5
Isaac Dunbar,53.51326666666667,20,2
tomori,53.387183333333326,33,1
Eurielle,53.19148333333333,13,1
Dean Lewis,52.92646666666667,24,2
Lata Mangeshkar,52.610283333333335,33,7
DG IMMORTALS,52.0013,18,1
Maya Manuela,51.616150000000005,23,1
Mon Rovîa,51.47043333333333,19,1
Sushma Shrestha,51.32435,24,1
Jim Reeves,50.98676666666667,33,2
Juice WRLD,50.7869,22,1
Skrxlla,50.742583333333336,38,2
Travis Scott,50.408233333333335,30,2
Kavinsky,49.83663333333333,19,1
Sabrina Carpenter,49.519616666666664,19,5
Belle Sisoski,49.324466666666666,17,4
Linked Horizon,49.31828333333333,12,4
The Goo Goo Dolls,49.04275,18,1
Faheem Abdullah,49.0058,17,1
John Vincent III,48.66473333333333,14,1
Rokudenashi,48.46008333333334,21,1
SiM,48.24243333333334,24,3
Sasha Alex Sloan,48.227399999999996,21,2
Mark Ronson,48.0381,15,2
Swedish House Mafia,47.973166666666664,21,3
Lukas Graham,47.3638,14,1
Justh,47.359633333333335,23,1
Vandana Jangir,47.146283333333336,12,1
Louis Tomlinson,46.66195,20,1
Nico,46.4251,29,1
LØLØ,46.17325,19,1
Madison Beer,45.879266666666666,14,3
Creedence Clearwater Revival,45.534733333333335,20,1
OFFICIAL HIGE DANDISM,45.09128333333334,20,1
All Time Low,44.85218333333333,21,2
Jaymes Young,44.7165,13,1
Gibran Alcocer,44.715066666666665,26,4
AronChupa,44.70855,25,11
MD DesiRockstar,44.45738333333333,15,1
Himesh Patel,44.244483333333335,19,1
Rocco,43.947066666666665,17,2
Duncan Laurence,43.783833333333334,19,4
Kumar Sanu,43.4615,10,3
WesGhost,43.382333333333335,19,1
BTS,42.594633333333334,20,6
meganeko,42.268150000000006,7,1
DJ Blyatman,42.0516,23,6
Vashti Bunyan,40.66173333333334,25,1
Alec Benjamin,40.64293333333333,23,6
Rahat Fateh Ali Khan,40.2876,12,3
Dutch Melrose,39.78723333333333,23,3
Capital Cities,39.2489,22,1
Frank Sinatra,39.184349999999995,24,1
Hans Zimmer,38.68065,18,1
PornoGraffitti,38.42446666666667,18,1
John Denver,38.32541666666667,19,1
Wolfgang Amadeus Mozart,38.24301666666666,13,2
Osho Jain,38.20635,18,5
Dylan Gossett,38.00256666666667,19,1
ANGUISH,37.779066666666665,27,1
Creepy Nuts,37.72143333333333,19,2
THE DRIVER ERA,37.660133333333334,19,4
Brooks & Dunn,37.63676666666667,10,1
Ado,37.6037,11,1
Marshmello,37.53366666666667,12,6
BleVky,36.728966666666665,15,1
Jonathan Groff,36.64841666666667,18,2
Raga,36.46223333333333,14,1
"Earth, Wind & Fire",36.40675,16,1
Lily Williams,36.3087,25,1
Jimin,35.82926666666667,15,2
Before You Exit,35.66225,13,1
Inigo Pascual,35.416133333333335,19,1
Akhil,35.2378,14,2
Akuya,34.96511666666667,15,1
7evin7ins,34.84635,22,2
Vanessa Carlton,34.707766666666664,10,1
Katy Perry,34.6721,14,4
LiSA,34.34043333333334,14,4
ABBA,34.095016666666666,15,4
Lucky Ali,33.587583333333335,10,1
Tanishk Bagchi,33.33768333333333,16,3
μ's,33.037,8,2
Neru,32.88543333333333,16,2
SLANDER,32.6351,18,2
Djo,32.5072,18,1
Keane,32.4727,14,1
back number,32.31613333333333,7,3
Engelbert Humperdinck,32.022866666666665,12,2
Anubha Bajaj,32.00398333333333,16,1
Vishvajeet Choudhary,31.887733333333333,20,1
Ingrid Andress,31.824633333333335,10,4
George Michael,31.558183333333332,9,2
Dottie Evans,31.41003333333333,18,1
WILLOW,30.667366666666666,14,1
Jim Croce,30.57225,22,1
Yo Yo Honey Singh,30.218816666666665,14,9
Stavya Kaila,30.12215,8,1
Mazzy Star,30.100783333333332,9,1
AURORA,29.7851,15,3
Rahgir,29.644883333333336,17,1
Julia Michaels,29.545416666666668,11,2
The Chainsmokers,29.537633333333332,10,5
OneRepublic,29.493633333333335,15,6
上田麗奈,29.355766666666668,12,1
Kreepa,29.25593333333333,14,1
Bad Bunny,29.091783333333332,11,6
He Is We,29.049466666666667,15,1
Gidea,29.00695,10,1
Powfu,28.971933333333332,11,1
Sachin-Jigar,28.872116666666667,14,4
John Michael Howell,28.864683333333332,11,5
Jordan Davis,28.48806666666667,12,1
Blue,28.483933333333333,9,1
Bo Burnham,28.437383333333333,7,4
Geeta Dutt,28.178633333333334,3,1
Matilde Larsen,27.832316666666664,8,3
RAYE,27.59426666666667,12,3
Gajender Phogat,27.418066666666668,16,2
5 Seconds of Summer,27.382666666666665,11,4
VioDance,27.321516666666668,10,2
Polo G,27.156133333333337,17,1
Bizarrap,26.903399999999998,12,6
Noah Cyrus,26.674100000000003,10,1
dodie,26.615466666666666,9,2
Kabira,26.3934,9,1
Anne-Marie,26.28026666666667,12,2
Anna Bates,26.2409,14,1
CORSAK,26.1703,11,1
Anime your Music,26.052233333333334,11,1
Em Beihold,25.93955,10,1
Demi Lovato,25.74695,7,2
KANA-BOON,25.7061,11,1
Kanye West,25.64945,7,1
Chezile,25.333099999999998,16,1
Drake,25.2952,10,5
Shlovij,25.250333333333334,20,1
Troye Sivan,25.0868,10,1
Agam Aggarwal,25.08536666666667,8,1
Jamie Lawson,24.92265,9,1
Satellite Young,24.860033333333334,12,1
Scotty McCreery,24.841116666666668,9,1
Momokurotei Ichimon,24.835366666666665,10,1
Taylor Davis,24.803083333333333,9,2
LilyPichu,24.711583333333333,7,1
Ross Lynch,24.59326666666667,13,2
Gagan Haryanvi,24.173983333333332,14,1
Ruchika Jangid,24.127883333333333,17,2
Mukhtar Sahota,24.005766666666666,7,1
Black Eyed Peas,23.902683333333332,6,3
Landon Pigg,23.86655,12,1
The Oh Hellos,23.805616666666666,7,2
Goose house,23.57575,7,1
Dua Lipa,23.47435,11,6
Tom Frane,23.239133333333335,18,2
Berlinist,23.17655,13,1
Shankar-Ehsaan-Loy,23.130499999999998,4,2
Vangakuz,23.0118,10,1
Austin Moon,22.720483333333334,10,2
League of Legends,22.705016666666666,7,2
K-391,22.560583333333334,8,4
小畑貴裕,22.3842,10,1
mrld,22.348033333333333,9,1
Damiano David,21.960900000000002,7,2
R3HAB,21.523566666666667,12,4
Brad Paisley,21.442666666666668,4,1
Marc Seguí,21.437,4,1
Phillip Phillips,21.36385,10,1
LEE SEUNG YOON,21.284433333333332,7,3
James Blunt,21.2832,9,1
"Dream, Ivory",21.186300000000003,14,1
The Girl and The Dreamcatcher,21.172766666666668,8,1
Vidhi Deshwal,20.980483333333332,6,1
Arthur Gunn,20.85946666666667,7,1
Neon Trees,20.805983333333334,13,1
Raju Punjabi,20.65975,18,2
Tsumyoki,20.571066666666667,6,2
Lil Nas X,20.5103,7,5
Patrick Watson,20.486233333333335,11,1
Evan Rachel Wood,20.324183333333334,11,2
Invadable Harmony,20.28615,16,3
Piyush Mishra,20.080633333333335,7,1
JP Saxe,20.016216666666665,7,1
Shankar Mahadevan,19.971333333333334,14,4
Elton John,19.903283333333334,7,3
Tyler Shaw,19.74655,8,1
Kana Nishino,19.743766666666666,5,1
NBSPLV,19.665633333333332,10,2
Fionn Regan,19.64765,9,1
Marianne Beaulieu,19.620183333333333,11,2
Pawan Pilania,19.601183333333335,14,1
Jason Derulo,19.57725,4,2
Beyoncé,19.3182,5,1
Sofía Campos,19.205166666666667,5,1
John Legend,18.90318333333333,7,1
Kesha,18.713583333333332,8,4
The Rare Occasions,18.575983333333333,9,1
jxdn,18.477316666666667,7,1
Cian Ducrot,18.431083333333333,6,1
Rovalio,18.339483333333334,13,1
L'Orchestra Cinematique,18.295416666666664,8,2
Arjun Kanungo,18.17481666666667,7,4
SawanoHiroyuki[nZk],17.9549,13,2
Dimitri Vegas & Like Mike,17.80375,3,1
Badshah,17.77231666666667,15,6
The Cinematic Orchestra,17.747833333333332,7,2
J.Tajor,17.655166666666666,11,1
Cascada,17.596983333333334,6,1
The Smoothwave,17.53715,11,1
Nursena Yener,17.25205,5,1
Miki Matsubara,17.24815,5,1
SOFIA ISELLA,17.17445,6,1
Michael Jackson,17.112316666666665,5,3
Betty Who,17.104133333333333,5,1
Kerry Muzzey,17.085516666666667,5,1
MAN WITH A MISSION,17.06,7,1
Arctic Monkeys,16.886816666666668,6,2
Vinny Marchi,16.590716666666665,9,4
Calvin Harris,16.141016666666665,5,2
Enya,15.932283333333334,5,2
LAMILA,15.856766666666667,6,1
Boyce Avenue,15.675266666666667,6,1
Amit Kumar,15.623333333333333,4,1
ZAYN,15.55905,4,1
Aimer,15.4228,7,1
TakaseToya,15.3286,6,1
WALK THE MOON,15.292666666666667,7,1
Teddy Swims,15.201983333333335,6,1
Shawn Mendes,15.1053,6,5
Meghan Trainor,15.103333333333333,5,1
Richy Mitch & The Coal Miners,15.0287,18,1
Gregory Alan Isakov,15.012849999999998,8,1
Kurt Hugo Schneider,14.963516666666667,5,1
Clean Bandit,14.895299999999999,7,3
Dan Bull,14.886450000000002,7,4
MISSIO,14.751233333333333,4,1
Fujii Kaze,14.589133333333333,10,1
Mild High Club,14.526366666666666,6,1
Aimyon,14.45805,7,1
TheOvertunes,14.403316666666665,5,1
Taio Cruz,14.162316666666666,7,1
Jaani,14.04185,4,2
Majestic,13.928749999999999,8,1
King Harvest,13.83765,8,1
Rob Bailey & The Hustle Standard,13.780833333333334,7,4
Miho Fukuhara,13.691766666666666,5,1
Gym Class Heroes,13.683433333333333,6,1
Your Favorite Martian,13.674216666666668,7,4
Hikaru Shirosu,13.672483333333332,13,2
Alphaville,13.670533333333335,6,1
Guru Randhawa,13.630216666666666,8,5
Karan Aujla,13.585650000000001,7,2
Sarah Cothran,13.50055,6,1
Darren Styles,13.350999999999999,5,1
Glass Animals,13.182533333333332,2,1
NERIAH,13.180916666666667,9,1
Charli xcx,13.122516666666666,7,2
Au/Ra,13.041433333333334,6,1
Rochak Kohli,13.028316666666667,5,2
Conor Maynard,13.016366666666666,5,1
Fabrizio Paterlini,12.967116666666668,10,2
Nelly Furtado,12.868683333333333,8,1
David Guetta,12.796066666666666,6,4
Momento,12.727616666666668,5,1
Faouzia,12.707,4,1
Counting Crows,12.592866666666668,4,1
Arash,12.56675,9,1
Dhruv,12.462516666666666,7,1
Lorde,12.365083333333335,4,1
Renuka Panwar,12.335616666666667,18,3
Gotye,12.244200000000001,3,1
Akon,12.207066666666666,4,2
Jake Scott,12.184899999999999,4,3
Melanie Martinez,12.175333333333334,6,2
Johnny Orlando,12.05575,4,2
Shivam Pathak,11.99385,5,2
Amy Shark,11.813333333333333,4,1
Alex & Sierra,11.787833333333333,8,1
KAAZE,11.753633333333333,8,1
Maninder Buttar,11.718066666666667,5,2
Artemas,11.68115,10,1
Marcus & Martinus,11.483,5,2
Ravindra Sathe,11.45385,7,1
Metro Boomin,11.369333333333334,5,3
Alka Yagnik,11.368466666666666,2,2
Los Corraleros De Majagual,11.303983333333335,4,1
Ruel,11.269783333333333,7,3
JENNIE,11.255666666666666,2,1
Jordan Clarke,11.2507,3,1
Boney M.,11.0333,3,1
FIFTY FIFTY,10.992566666666667,4,1
The Snake Charmer,10.990316666666667,6,3
Ajay-Atul,10.988133333333334,3,2
Soul Fro,10.966616666666667,4,1
NF,10.902466666666665,4,1
Camila Cabello,10.855233333333333,3,3
Ballinciaga,10.84405,5,2
Anu Malik,10.7633,2,1
Tems,10.75045,5,1
Bastille,10.70735,3,1
Backstreet Boys,10.6653,3,1
Alek Olsen,10.626999999999999,11,1
Nikita,10.620383333333335,13,1
Harry Styles,10.576366666666667,4,3
Mark Ambor,10.549333333333333,5,1
PianoDeuss,10.48545,3,3
Led Zeppelin,10.444966666666666,4,1
The Samples,10.4413,3,1
VIZE,10.40865,6,1
Lucy Schwartz,10.315449999999998,3,1
Joel Sunny,10.308883333333334,7,1
JAM Project,10.2678,6,1
Elliott Smith,10.236833333333333,5,1
Sean Davidson,10.212016666666667,4,1
Vicetone,10.196966666666667,4,3
TYKNI,10.186916666666667,4,1
MoonDeity,10.110066666666667,3,2
Nadiiife,10.078483333333333,2,1
Paul Anka,9.995116666666666,5,1
When Chai Met Toast,9.9886,4,1
KALEO,9.966283333333333,3,1
SAINt JHN,9.9399,5,2
My Chemical Romance,9.912983333333333,4,2
Chris Brown,9.906833333333333,6,1
Jaspreet Singh,9.877216666666666,3,1
Patty Gurdy,9.8751,9,1
Evan Call,9.844166666666666,5,1
Sachet-Parampara,9.746500000000001,3,1
Uamee,9.703633333333332,3,2
Yu-Peng Chen,9.65795,9,2
Jex,9.582650000000001,4,1
MoonMoon,9.378416666666666,3,1
Mukesh,9.314633333333333,3,3
The Vamps,9.283816666666667,3,2
Bebe Rexha,9.269583333333333,4,2
Petula Clark,9.2533,3,1
Sara Kays,9.19485,3,1
Yerin Baek,9.038883333333334,6,1
Ciara,9.035383333333334,2,1
bôa,9.033750000000001,6,1
Alan Menken,8.993983333333333,6,1
AP Dhillon,8.990716666666666,3,2
Sean Paul,8.910116666666667,3,1
Kygo,8.88335,7,3
Zehr Vibe,8.85185,5,1
Vitamin String Quartet,8.773316666666666,4,1
Walker Hayes,8.7712,5,1
LISA,8.6798,4,2
R5,8.6705,3,1
Hemant Kumar,8.637333333333334,2,1
K/DA,8.6311,2,1
Joseph Vincent,8.551400000000001,3,1
Luis Fonsi,8.526516666666666,3,2
Foster,8.48015,4,1
Lil Dicky,8.384716666666666,4,1
Bemax,8.328083333333334,4,1
Lindsey Stirling,8.323599999999999,5,1
Aaron Smith,8.315833333333334,2,1
Ali Zafar,8.294783333333333,2,1
Noah Floersch,8.2821,5,1
RetroVision,8.26235,3,1
Komal Chaudhary,8.244816666666667,13,1
The Minions,8.1683,14,6
Jasmine Sandlas,8.107716666666667,4,1
Y2K,8.0313,3,1
Coolio,8.0231,2,1
DJ Snake,8.014116666666666,9,3
Sofia Mills,7.950683333333333,3,1
Bon Iver,7.950666666666667,3,1
Shakira,7.87785,2,1
Gajendra Verma,7.759600000000001,2,2
MARINA,7.71665,15,10
Dhanda Nyoliwala,7.645566666666666,9,5
Golden Smog,7.63655,4,1
Desiigner,7.550666666666666,2,1
Mandy Moore,7.537916666666667,5,1
MIIA,7.517166666666666,2,1
Dino James,7.490616666666667,6,5
Wiz Khalifa,7.484616666666667,3,2
Josh Gad,7.414183333333333,4,1
Eldar Kedem,7.385050000000001,4,1
Anitta,7.316283333333333,3,1
Imogen Heap,7.19385,1,1
Diljit Dosanjh,7.1582333333333334,3,2
The White Stripes,7.124483333333334,3,2
Manu Pilas,6.9922,3,1
MOMOLAND,6.9149,4,2
Jeff Buckley,6.8971,1,1
Lost Frequencies,6.849633333333333,3,1
The Red Army Choir,6.800316666666666,4,2
blackbear,6.713266666666667,2,1
Haley Reinhart,6.707733333333333,5,1
WATEVA,6.707649999999999,2,1
Fly By Midnight,6.696766666666667,3,2
Walk off the Earth,6.662816666666667,4,1
Jeet Gannguli,6.64665,1,1
sundial,6.6427000000000005,5,1
Céline Dion,6.6426,2,1
Jaden,6.6344666666666665,2,2
Megurine Luka,6.600766666666667,2,1
Henry Moodie,6.546266666666666,3,1
Jubin Nautiyal,6.537216666666666,2,2
Ben Crosland,6.534416666666667,5,1
Sam Fischer,6.4951,2,1
Gujjar Boy,6.4733833333333335,2,1
Dr.Viossy,6.466166666666667,4,1
AVIWKILA,6.466,2,1
Ricky Martin,6.410016666666667,2,1
Sandhya Choudhary,6.37135,8,1
Tate McRae,6.3690999999999995,2,2
Super Guitar Bros,6.3431,6,1
Seedhe Maut,6.3346,3,3
Myke Towers,6.290333333333333,2,1
(G)I-DLE,6.277950000000001,3,2
Julian Calor,6.233116666666667,1,1
Ellie Goulding,6.207433333333333,2,1
Elley Duhé,6.17535,3,1
Nucleya,6.120416666666666,2,2
Philip,6.1154166666666665,4,3
Ava Max,6.071266666666667,3,3
HoneyWorks,6.019016666666667,2,1
Yehezkel Raz,5.9986500000000005,7,1
Da Tweekaz,5.995,3,1
Ana Done,5.962366666666666,3,2
2 Chainz,5.9352833333333335,1,1
girl in red,5.931100000000001,4,1
SMiLE.dk,5.9151,2,1
J Balvin,5.907866666666667,1,1
Karan Sehmbi,5.905266666666667,3,1
*NSYNC,5.896116666666666,3,1
Raaban,5.856716666666667,2,1
Vonox,5.851916666666667,4,1
Edison Lighthouse,5.825333333333333,2,1
Gesaffelstein,5.7842666666666664,2,1
CZA,5.774616666666667,3,1
GAYLE,5.768133333333333,2,2
Nefesh Mountain,5.718216666666667,1,1
Laurindo Almeida,5.693,2,1
Jagwar Twin,5.6566833333333335,3,1
Kate Bush,5.636049999999999,4,3
Bryce Vine,5.622683333333333,4,1
Tyla Yaweh,5.599866666666666,2,1
Connor Price,5.57275,3,2
Lost Sky,5.571566666666667,2,2
Hardwell,5.510183333333333,2,1
Ronan Keating,5.497199999999999,3,1
Clara Mae,5.4857,2,1
Mika Singh,5.457166666666667,3,2
Saltatio Mortis,5.4311,2,1
Hole,5.4222,2,1
AJR,5.407533333333333,3,1
Yasser Desai,5.404316666666666,4,1
phendste,5.392266666666667,2,1
Brandon Fiechter,5.376733333333334,2,1
Tones And I,5.3728,4,2
Eli Wilson,5.339433333333333,2,1
Bazanji,5.33915,2,1
Isla Bell,5.3376166666666665,1,1
vaultboy,5.333116666666667,2,1
Telestic Music,5.325200000000001,2,1
Suriel Hess,5.314866666666667,2,1
Enisa,5.287866666666667,2,1
Sara Bareilles,5.244433333333333,1,1
Jassie Gill,5.238016666666667,2,2
Armaan Malik,5.230666666666666,2,2
Farhan Saeed,5.217083333333333,3,1
Andrew Garfield,5.2122166666666665,1,1
Llunr,5.206466666666667,2,1
Fools Garden,5.199233333333333,2,1
Lele Pons,5.194166666666667,2,1
Avicii,5.187600000000001,2,2
Kushagra,5.170466666666667,9,2
Kacey Musgraves,5.148166666666667,2,1
W&W,5.138016666666667,2,1
Tech N9ne,5.092483333333333,3,1
MC Fioti,5.068466666666667,2,1
Rowan Drake,5.061766666666666,2,1
Sunidhi Chauhan,5.043083333333334,9,1
VK Blanka,5.028833333333334,2,2
Pitbull,5.004316666666666,2,2
Shubh,4.96285,6,1
Sidhu Moose Wala,4.90105,2,2
Hollow Coves,4.869666666666667,4,2
Kali Uchis,4.821566666666667,1,1
NewJeans,4.800566666666667,2,1
Timmy Trumpet,4.760916666666667,2,1
Anuel AA,4.681866666666666,3,1
BlVkarot,4.637666666666667,1,1
Ben Rector,4.616866666666667,2,1
Reiley,4.6006833333333335,2,1
Julie Fowlis,4.576416666666667,1,1
The Police,4.5571166666666665,3,1
KRNFX,4.55625,2,2
XS Project,4.511433333333333,2,1
Ramin Djawadi,4.495316666666667,3,2
Meet Bros.,4.456016666666667,2,1
Rekha Bhardwaj,4.4340166666666665,4,1
Piero Piccioni,4.392216666666667,1,1
Crystal Castles,4.382616666666666,2,2
Kylie Minogue,4.38155,1,1
Mungo Jerry,4.3516,2,1
Ace of Base,4.337766666666667,2,1
Kazumi Nikaido,4.283966666666666,5,1
Arash Buana,4.281116666666667,1,1
PinkPantheress,4.244916666666667,4,2
Vancouver Sleep Clinic,4.23355,1,1
Rachel Walker,4.226216666666667,1,1
hanayui,4.21805,1,1
Neeti Mohan,4.18355,1,1
Andy Grammer,4.175766666666666,2,1
Chance Peña,4.15995,4,2
Ankit Tiwari,4.1570833333333335,10,1
Edward Maya,4.154066666666667,1,1
Øneheart,4.147566666666667,3,1
a-ha,4.135816666666667,2,1
Birdy,4.130133333333333,4,1
Covers Unplugged,4.1195,1,1
Seizmic,4.095833333333333,1,1
mgk,4.0825,2,1
Ghost,4.080066666666666,1,1
Zack Tabudlo,4.08,1,1
Charlie Burg,4.063266666666666,1,1
Foudeqush,4.0626,2,1
Internet Money,4.0565,2,2
Jessica Darrow,4.038383333333333,2,1
Yuko Koura,4.032516666666667,1,1
Serena,4.0302999999999995,4,1
Palak Muchhal,4.024133333333333,1,1
Franz Ferdinand,3.9504333333333332,1,1
Plain White T's,3.9426833333333335,2,1
I.O.I,3.932666666666667,2,1
OV3RDRIVE,3.9248666666666665,2,1
Trinidad Cardona,3.9107333333333334,2,1
DVLMusic,3.895183333333333,1,1
Billy Joel,3.881033333333334,2,1
Stromae,3.8691,1,1
Flo Rida,3.8566666666666665,1,1
Rihanna,3.8542666666666667,2,2
MYLK,3.85,1,1
Tritonal,3.8488333333333333,2,1
Chase Atlantic,3.8335,1,1
Will Swinton,3.8266833333333334,1,1
Fall Out Boy,3.806,1,1
Samy Jebari,3.79515,1,1
Noah Henderson,3.7946,1,1
Becky G,3.7921166666666664,2,1
R. City,3.791333333333333,1,1
Donald Phan,3.79,1,1
Nolwenn Leroy,3.776883333333333,1,1
DjKeinth,3.77545,2,1
Rockharmonix,3.7666666666666666,1,1
MC SQUARE,3.7588833333333334,5,3
Ellery Hughes,3.753683333333333,2,1
Videoclub,3.7506666666666666,1,1
Rauw Alejandro,3.7499333333333333,1,1
TWIIG,3.7235,1,1
Not Your Dope,3.7172666666666667,1,1
Ryan Gosling,3.71055,1,1
Axel Johansson,3.70735,2,1
Kelly Clarkson,3.6856333333333335,1,1
Ana Pereira,3.683483333333333,1,1
JP Cooper,3.6715,1,1
Meet Bros Anjjan,3.663333333333333,2,1
JEONG SEWOON,3.6584333333333334,1,1
PSY,3.6582166666666667,1,1
Hard Bass School,3.6019,1,1
Dolla,3.5957333333333334,1,1
Tony Kakkar,3.5858499999999998,2,2
Ozuna,3.5751,1,1
Million Eyes,3.5749999999999997,5,1
Little Mix,3.56155,1,1
Major Lazer,3.557933333333333,3,2
David Kushner,3.5492166666666667,2,2
Khantrast,3.547133333333333,3,2
K'NAAN,3.542,1,1
sombr,3.5226333333333333,4,2
Britney Spears,3.5193333333333334,1,1
Seph Schlueter,3.5077333333333334,1,1
Ina Wroldsen,3.50475,1,1
KAROL G,3.5033333333333334,1,1
Kordhell,3.502183333333333,3,1
Sub Urban,3.49715,1,1
Alesso,3.4964166666666667,2,2
Tiësto,3.4956000000000005,4,3
New Order,3.4934333333333334,1,1
Darshan Raval,3.4905,1,1
Shashwat Sachdev,3.4857,1,1
Pham,3.47785,1,1
Aroob Khan,3.468933333333333,2,1
Sphere,3.4686166666666667,2,1
The Secret Sisters,3.4641666666666664,2,1
Ryan Harris,3.45885,2,1
gavn!,3.4552666666666667,1,1
Zedd,3.453116666666667,1,1
Raveboy,3.4499666666666666,1,1
Simple Plan,3.4462166666666665,1,1
Kabir Cafe,3.4310666666666667,1,1
The Neighborly,3.42755,1,1
Steve Aoki,3.4222166666666665,1,1
Hellberg,3.4181333333333335,2,1
YG,3.40475,1,1
Limahl,3.4041333333333332,1,1
Papon,3.4026666666666667,1,1
Nightcore,3.3952,2,1
The Strumbellas,3.394216666666667,1,1
Nerina Pallot,3.39275,1,1
Boy In Space,3.3925666666666667,1,1
lusttqwe,3.3871,2,1
Eric Nam,3.3868833333333335,1,1
"Tyler, The Creator",3.36345,4,1
Loving Caliber,3.3522,3,2
Public Library Commute,3.341833333333333,3,1
Smash Mouth,3.33955,1,1
Kagamine Rin,3.3333333333333335,1,1
Good Neighbours,3.330233333333333,3,1
HWASA,3.3171,1,1
The Gothard Sisters,3.310216666666667,1,1
Amy B,3.29335,3,1
Armin van Buuren,3.28645,1,1
Colossal Trailer Music,3.2796833333333333,3,3
88rising,3.2775,1,1
Austin Plaine,3.2706666666666666,1,1
Javed Ali,3.2704666666666666,1,1
Dhvani Bhanushali,3.269433333333333,1,1
Joshua Bassett,3.26235,2,1
MAMAMOO,3.259333333333333,2,1
Cadre Cola,3.25,1,1
Central Cee,3.2464,2,1
Yazoo,3.2362166666666665,1,1
Mike Posner,3.21355,1,1
Kim Kyung Hee,3.2077666666666667,1,1
Edith Whiskers,3.2018166666666668,4,2
Silk City,3.178,1,1
Tyler Ward,3.17565,1,1
Zara Larsson,3.1702333333333335,2,1
grandson,3.165783333333333,1,1
Aastha Gill,3.1657333333333333,2,1
Angèle,3.158,1,1
Toy-Box,3.15705,3,1
Wanna One,3.1559166666666667,1,1
Tom Walker,3.0977166666666665,1,1
Soap&Skin,3.0833333333333335,1,1
rhianne,3.070683333333333,1,1
Wildflowers,3.06875,1,1
Labrinth,3.0549666666666666,2,2
Sebastian Yatra,3.054,1,1
Life of Boris,3.04515,1,1
Duki,3.0435,1,1
Zeph,3.03715,5,2
Hailee Steinfeld,3.0313333333333334,1,1
HAYATO,3.0236166666666664,4,2
SZA,3.0218166666666666,3,3
j-hope,3.000366666666667,1,1
Rosa Linn,2.9925166666666665,1,1
unfavorite,2.9821666666666666,3,1
Mabel,2.974666666666667,1,1
Chris Andrian Yang,2.97,1,1
RP Singh,2.95685,4,1
Kehlani,2.9553333333333334,1,1
S-X,2.9374166666666666,1,1
Clairo,2.9326666666666665,1,1
Klaas,2.9285666666666668,1,1
文武贝,2.9161333333333332,2,1
Ananya Birla,2.9088333333333334,1,1
Andy Stroke,2.899383333333333,1,1
Sufjan Stevens,2.8962833333333333,2,1
Sam Feldt,2.8952333333333335,1,1
J-Trick,2.8908666666666667,1,1
Ilkan Gunuc,2.88825,2,1
Ashes Remain,2.8826666666666667,1,1
Modern Talking,2.8821166666666667,4,3
Leah Kate,2.8792833333333334,1,1
Ella Roberts,2.87455,3,1
Hotel Ugly,2.8737,3,1
Studio Killers,2.87235,1,1
Dan + Shay,2.8621,2,1
Ariana Grande,2.85825,2,2
Saint Mesa,2.8457666666666666,1,1
PARTYOF2,2.841683333333333,1,1
Kevin Rebels,2.8389,1,1
Greyson Chance,2.838683333333333,2,1
Maren Morris,2.8329833333333334,2,1
Hoàng Read,2.816883333333333,1,1
Jess Benko,2.801416666666667,2,1
Logan Epic Canto,2.8,1,1
Jennifer Lopez,2.7881666666666667,1,1
Pina Colada Blues,2.783333333333333,1,1
24kGoldn,2.7763666666666666,2,1
Tujamo,2.7725833333333334,3,1
SEKAI NO OWARI,2.77065,2,2
Riley Green,2.768883333333333,1,1
Jonas Blue,2.7531666666666665,1,1
B.I,2.7513666666666667,1,1
Carter Ryan,2.7485166666666667,1,1
Dwayne Johnson,2.7477666666666667,1,1
Michael Marcagi,2.7371166666666666,1,1
Nardo Wick,2.720666666666667,1,1
The Lumineers,2.7188833333333333,1,1
AC/DC,2.7142999999999997,2,1
Lyn Lapid,2.713233333333333,1,1
Dr. Dre,2.6917666666666666,1,1
ElyOtto,2.6693333333333333,2,1
Trevor Daniel,2.6605000000000003,2,1
ACRAZE,2.6315,1,1
Mokita,2.625383333333333,1,1
NLO,2.6010333333333335,1,1
sign crushes motorist,2.6,2,2
Leony,2.598266666666667,3,1
Will Smith,2.5921833333333333,1,1
Them & I,2.573733333333333,2,1
Cris Mj,2.5625,1,1
Rachel Grae,2.5370666666666666,1,1
Foo Fighters,2.535216666666667,2,2
Ghostemane,2.527083333333333,1,1
Anurag Saikia,2.5174166666666666,1,1
Skylar Grey,2.4989166666666667,2,1
Daisy the Great,2.4923,1,1
Louis Capone,2.4773666666666667,1,1
Chester Young,2.4727333333333332,1,1
John Lennon,2.471983333333333,1,1
elijah woods,2.4641166666666665,1,1
Lio Kalebic,2.4229333333333334,1,1
Kendji Girac,2.4213666666666667,1,1
Deepak Johnson,2.3566166666666666,1,1
Falz,2.3442166666666666,1,1
Harddope,2.3333333333333335,1,1
SLAVA MARLOW,2.3255666666666666,1,1
Stephanie Beatriz,2.3243666666666667,2,2
Louis Armstrong,2.3204333333333333,2,1
Jack Harlow,2.30685,1,1
Aditya A,2.26825,2,1
Dick Dale & His Del-Tones,2.2664333333333335,1,1
The 1975,2.2634833333333333,3,2
Gaten Matarazzo,2.2614333333333336,2,1
Arjun,2.258366666666667,1,1
Dune Moss,2.25715,1,1
DJ Dejan,2.2310666666666665,2,1
LANNÉ,2.23025,2,1
Kris Kross Amsterdam,2.2293833333333337,3,1
dj 6rb,2.218566666666667,1,1
Epic Rap Battles of History,2.2173833333333333,1,1
VÉRITÉ,2.2002166666666665,1,1
Sarah Kang,2.1891833333333333,1,1
Daler Mehndi,2.188466666666667,1,1
Louis Theroux,2.1868833333333333,2,1
Dirtywknd,2.17795,1,1
MAX,2.17515,2,1
The Band CAMINO,2.1699,2,1
Juliana Chahayed,2.1450833333333335,2,1
Cody Fry,2.144533333333333,2,1
Rito Riba,2.1422999999999996,2,1
Chri$tian Gate$,2.12515,1,1
Icykiddo,2.11515,1,1
Ambient Hood,2.1037666666666666,2,1
Rick Astley,2.0982833333333337,2,1
Davay,2.0854,1,1
Take Care,2.078116666666667,1,1
Funkin' Sound Team,2.0777666666666668,1,1
Mohit Chauhan,2.0768,1,1
Raftaar,2.073366666666667,2,2
Pity Party (Girls Club),2.071833333333333,2,2
Ddark,2.0714,2,1
retz,2.06315,1,1
YUNGBLUD,2.054883333333333,1,1
CJ,2.0543666666666667,1,1
Bella Poarch,2.0462,1,1
Cheriimoya,2.04195,1,1
XXXTENTACION,2.031433333333333,1,1
Future,2.0153833333333333,1,1
EMELINE,2.0111,1,1
Nathan Evans,1.9458333333333333,1,1
Neha Kakkar,1.9268333333333334,3,2
Various Artists,1.8872666666666666,2,1
FIFA Sound,1.872,1,1
German Folk Regiment,1.8189833333333334,2,1
ROSALÍA,1.8186666666666667,1,1
Vishal Mishra,1.8008,4,1
Moreart,1.7995333333333334,1,1
Gabriele Motta,1.78855,2,1
ELEVATION RHYTHM,1.78525,2,1
Shilpa Rao,1.7256833333333332,1,1
Palash Muchhal,1.6956666666666667,1,1
Michele Morrone,1.68255,1,1
Armani White,1.6550166666666668,2,1
Jonah Jacob,1.646,1,1
Lizzy McAlpine,1.6344833333333333,1,1
Gabrijel Bergmann,1.5049000000000001,2,1
Shayne Orok,1.4972166666666666,1,1
Stormzy,1.4773333333333334,1,1
0to8,1.436,1,1
Big Will,1.4317166666666667,1,1
Tarun Panchal,1.4311166666666666,1,1
Hemant Shreyash,1.4212,1,1
Liana Flores,1.3948333333333334,1,1
Rajesh Singhpuriya,1.3688,4,1
Orla Gartland,1.33645,1,1
Laura Les,1.3253666666666666,1,1
Said The Sky,1.3181333333333334,1,1
Gryffin,1.31785,1,1
Teknova,1.2541833333333334,1,1
Rob Grant,1.2358333333333333,1,1
Nicki Minaj,1.2358,2,2
Zach Hood,1.22915,1,1
Rahul Baliyan,1.2206,1,1
遠野高志,1.2041333333333333,1,1
Twin Strings,1.1993166666666666,1,1
The Score,1.1863000000000001,2,1
Falak Shabbir,1.1815,1,1
照井順政,1.1450666666666667,1,1
Princess Nokia,1.1342166666666667,1,1
Ren,1.0944333333333334,1,1
Leat'eq,1.0934833333333334,1,1
Dj Bountyhunter,1.0760833333333333,1,1
Bridgit Mendler,1.0592,1,1
Patience & Prudence,1.0532666666666666,2,1
Adam Maniac,1.0505833333333334,1,1
Dance Fruits Music,1.0189666666666666,1,1
Daddy Yankee,1.0182,2,1
NATI.,0.9927333333333334,1,1
Kapo,0.9780666666666666,1,1
Alex Warren,0.9735166666666667,2,1
Toby Fox,0.9636333333333333,1,1
Vansire,0.9561666666666667,1,1
JESSIA,0.9227166666666666,1,1
Pentatonix,0.9196666666666666,1,1
young friend,0.9151,1,1
Subhash Gill,0.9075,1,1
Manan Bhardwaj,0.8983166666666667,2,1
Paul T Weinstein,0.8926833333333333,2,1
Ashnikko,0.8896,1,1
8D Tunes,0.8812833333333333,6,5
Pure Negga,0.8700333333333333,1,1
WolfSpirit,0.8685166666666667,1,1
Iqlipse Nova,0.8657666666666667,2,1
Oliver Tree,0.8582333333333333,1,1
Makebo,0.85565,1,1
Sang-Yoon Jung,0.8517666666666667,1,1
Manish Keshri,0.8333333333333334,1,1
Grupo Frontera,0.82945,1,1
NVTHVN,0.8097166666666666,1,1
Doechii,0.80585,1,1
Rahul Sipligunj,0.7876666666666666,1,1
TV Girl,0.78135,1,1
Tobii,0.7583833333333333,3,1
Asfar Hussain,0.7550333333333333,1,1
Salman Elahi,0.7197833333333333,1,1
PACKGOD,0.7185833333333334,1,1
Alfaaz,0.7165666666666667,1,1
Daft Punk,0.7146,2,1
The Offspring,0.7119666666666666,1,1
Sakshi,0.7112166666666667,1,1
Paravi,0.71075,1,1
Vishal Dadlani,0.7080333333333333,1,1
Moe Htet (B+),0.6624,1,1
Basement Jaxx,0.6586666666666666,1,1
Cardi B,0.65705,1,1
Young Adult,0.6455,1,1
MY FIRST STORY,0.6133166666666666,3,2
Sunanda Sharma,0.61125,1,1
Gene Shinozaki,0.6055,1,1
Coi Leray,0.58915,1,1
Krutikov Music,0.5741333333333334,2,1
MALINDA,0.5723166666666667,1,1
Anson Seabra,0.5420333333333334,2,1
Uzair Jaswal,0.5336666666666666,1,1
Sonu Nigam,0.5262166666666667,1,1
Eyedress,0.5205166666666666,1,1
Akhil Sachdeva,0.49843333333333334,1,1
Spongebob Squarepants,0.4958666666666667,1,1
Cloaks,0.4942166666666667,1,1
Majed Salih,0.4814166666666666,2,2
DAMONA,0.48023333333333335,1,1
Maikkis,0.4794833333333333,1,1
Jen Raina,0.47536666666666666,1,1
Jassi Kirarkot,0.45781666666666665,1,1
Mzlznzz,0.45253333333333334,1,1
Auri,0.4498333333333333,1,1
Akshath,0.441,1,1
Ikimonogakari,0.43483333333333335,1,1
Mac Miller,0.42783333333333334,1,1
Prem Dhillon,0.42336666666666667,1,1
sped up + slowed,0.4231,1,1
Northlake,0.4231,1,1
V,0.4128,1,1
レム(CV:水瀬いのり),0.40923333333333334,2,1
Rajmani,0.40091666666666664,1,1
JVLA,0.39881666666666665,1,1
Panther,0.38771666666666665,1,1
ILLENIUM,0.3594,1,1
Konomi Suzuki,0.35291666666666666,2,2
Un Titico,0.3443,1,1
Fonzi M,0.3424,1,1
Kid Cudi,0.32275,1,1
Young the Giant,0.3136,1,1
Shekhar Ravjiani,0.31051666666666666,2,2
Bee Gees,0.30843333333333334,1,1
John Williams,0.30345,2,1
Bob Dylan,0.30185,3,1
The Knocks,0.29893333333333333,2,1
CK Nara,0.29795,2,1
Irshad Khan,0.28763333333333335,1,1
Michel Corrette,0.2745,1,1
GKhan,0.24958333333333332,1,1
Josie Oliver,0.2407,1,1
Will Borders,0.24033333333333334,1,1
Otilia,0.2375,1,1
nonoc,0.23546666666666666,3,3
Ike Dweck,0.23055,1,1
前島麻由,0.22928333333333334,2,1
Naufana,0.22896666666666668,1,1
Dean Martin,0.18523333333333333,1,1
BENNETT,0.1769,1,1
Iqbal Gumilar,0.17456666666666668,1,1
HYDE,0.171,2,1
Iuri Salvagnini,0.16746666666666665,2,1
Hazlett,0.16281666666666667,1,1
Pharrell Williams,0.15091666666666667,1,1
Bedroom,0.14628333333333332,1,1
Talking Heads,0.14281666666666668,1,1
Jay The Traveller,0.14256666666666667,1,1
Komal Choudhary,0.13735,1,1
Arvind Akela Kallu Ji,0.13198333333333334,1,1
Miura Jam,0.12731666666666666,1,1
LMR City Pop,0.12621666666666667,1,1
Balli Badshah,0.1255,1,1
King,0.12461666666666667,1,1
Poetic Narrator,0.12036666666666666,1,1
Louyah,0.11751666666666667,1,1
Nio Garcia,0.11661666666666666,1,1
Goodluck Rylie,0.11501666666666667,1,1
The Theorist,0.10808333333333334,1,1
Khushi Baliyan,0.1037,1,1
NanoKarrin,0.10133333333333333,1,1
Isma Ramos,0.09986666666666667,2,1
Erika Lundmoen,0.09491666666666666,1,1
Gloria Gaynor,0.09066666666666667,1,1
Michal Leah,0.0903,1,1
エミリア(CV:高橋李依),0.09015000000000001,2,2
Christopher,0.0896,1,1
Purple Disco Machine,0.08923333333333333,2,1
Human Renegade,0.0864,1,1
Ricchi E Poveri,0.08443333333333333,1,1
The Beach Boys,0.08178333333333333,1,1
Narender Kaushik,0.07608333333333334,1,1
Hermanos Espinoza,0.06185,1,1
Tame Impala,0.060083333333333336,1,1
平間美賀,0.05881666666666667,1,1
Rooler,0.05616666666666666,1,1
Mariah Carey,0.05368333333333333,1,1
Quintino,0.05173333333333333,1,1
ラム(CV:村川梨衣),0.04933333333333333,1,1
b/t,0.046766666666666665,1,1
Matt Maltese,0.043366666666666664,1,1
Kosmik Band,0.040883333333333334,1,1
Thaman S,0.04066666666666666,1,1
Ashley Serena,0.037533333333333335,1,1
Shae Gill,0.036616666666666665,1,1
AmaLee,0.03625,1,1
LMR Eurobeat,0.034133333333333335,1,1
Cage The Elephant,0.0327,1,1
Zoe Wees,0.02985,1,1
Ludwig Minkus,0.024166666666666666,1,1
Filouu,0.0224,1,1
Farhan,0.020266666666666665,1,1
Anirudh Ravichander,0.0147,1,1
Yohani,0.012083333333333333,1,1
GRAHAM,0.011016666666666666,1,1
Crystilo,0.0021333333333333334,1,1
BRIGHT,0.0014166666666666668,1,1
Big Boi Deep,0.0009166666666666666,1,1
MADOKA,0.0007,1,1
Brenn!,0.0,1,1
Baba Bhairupia,0.0,1,1
benny blanco,0.0,2,1
G. V. Prakash,0.0,1,1
結束バンド,0.0,1,1
Sikdope,0.0,1,1
